{
  "Total" : {
    "transaction" : "Total",
    "sampleCount" : 715741,
    "errorCount" : 0,
    "errorPct" : 0.0,
    "meanResTime" : 4.148317617685881,
    "medianResTime" : 4.0,
    "minResTime" : 1.0,
    "maxResTime" : 91.0,
    "pct1ResTime" : 5.0,
    "pct2ResTime" : 6.0,
    "pct3ResTime" : 8.0,
    "throughput" : 1193.0547753628382,
    "receivedKBytesPerSec" : 581.3823239477191,
    "sentKBytesPerSec" : 133.98564371750624
  },
  "HTTP Request" : {
    "transaction" : "HTTP Request",
    "sampleCount" : 715741,
    "errorCount" : 0,
    "errorPct" : 0.0,
    "meanResTime" : 4.148317617685881,
    "medianResTime" : 4.0,
    "minResTime" : 1.0,
    "maxResTime" : 91.0,
    "pct1ResTime" : 5.0,
    "pct2ResTime" : 6.0,
    "pct3ResTime" : 8.0,
    "throughput" : 1193.0547753628382,
    "receivedKBytesPerSec" : 581.3823239477191,
    "sentKBytesPerSec" : 133.98564371750624
  }
}