{
  "Total" : {
    "transaction" : "Total",
    "sampleCount" : 276232,
    "errorCount" : 0,
    "errorPct" : 0.0,
    "meanResTime" : 2.1507138926698914,
    "medianResTime" : 2.0,
    "minResTime" : 1.0,
    "maxResTime" : 70.0,
    "pct1ResTime" : 2.0,
    "pct2ResTime" : 3.0,
    "pct3ResTime" : 3.0,
    "throughput" : 460.449594777953,
    "receivedKBytesPerSec" : 224.37916287361355,
    "sentKBytesPerSec" : 51.71064785103964
  },
  "HTTP Request" : {
    "transaction" : "HTTP Request",
    "sampleCount" : 276232,
    "errorCount" : 0,
    "errorPct" : 0.0,
    "meanResTime" : 2.1507138926698914,
    "medianResTime" : 2.0,
    "minResTime" : 1.0,
    "maxResTime" : 70.0,
    "pct1ResTime" : 2.0,
    "pct2ResTime" : 3.0,
    "pct3ResTime" : 3.0,
    "throughput" : 460.449594777953,
    "receivedKBytesPerSec" : 224.37916287361355,
    "sentKBytesPerSec" : 51.71064785103964
  }
}