{
  "Total" : {
    "transaction" : "Total",
    "sampleCount" : 332145,
    "errorCount" : 0,
    "errorPct" : 0.0,
    "meanResTime" : 90.06410453265869,
    "medianResTime" : 81.0,
    "minResTime" : 2.0,
    "maxResTime" : 810.0,
    "pct1ResTime" : 199.0,
    "pct2ResTime" : 204.0,
    "pct3ResTime" : 299.0,
    "throughput" : 553.5399424703103,
    "receivedKBytesPerSec" : 270.339496337107,
    "sentKBytesPerSec" : 62.165130257896166
  },
  "HTTP Request" : {
    "transaction" : "HTTP Request",
    "sampleCount" : 332145,
    "errorCount" : 0,
    "errorPct" : 0.0,
    "meanResTime" : 90.06410453265869,
    "medianResTime" : 81.0,
    "minResTime" : 2.0,
    "maxResTime" : 810.0,
    "pct1ResTime" : 199.0,
    "pct2ResTime" : 204.0,
    "pct3ResTime" : 299.0,
    "throughput" : 553.5399424703103,
    "receivedKBytesPerSec" : 270.339496337107,
    "sentKBytesPerSec" : 62.165130257896166
  }
}