{
  "Total" : {
    "transaction" : "Total",
    "sampleCount" : 326089,
    "errorCount" : 0,
    "errorPct" : 0.0,
    "meanResTime" : 183.55270800303288,
    "medianResTime" : 157.0,
    "minResTime" : 2.0,
    "maxResTime" : 2691.0,
    "pct1ResTime" : 403.0,
    "pct2ResTime" : 573.0,
    "pct3ResTime" : 954.9700000000048,
    "throughput" : 543.3738975103272,
    "receivedKBytesPerSec" : 265.546882355312,
    "sentKBytesPerSec" : 61.02343575555431
  },
  "HTTP Request" : {
    "transaction" : "HTTP Request",
    "sampleCount" : 326089,
    "errorCount" : 0,
    "errorPct" : 0.0,
    "meanResTime" : 183.55270800303288,
    "medianResTime" : 157.0,
    "minResTime" : 2.0,
    "maxResTime" : 2691.0,
    "pct1ResTime" : 403.0,
    "pct2ResTime" : 573.0,
    "pct3ResTime" : 954.9700000000048,
    "throughput" : 543.3738975103272,
    "receivedKBytesPerSec" : 265.546882355312,
    "sentKBytesPerSec" : 61.02343575555431
  }
}