{
  "Total" : {
    "transaction" : "Total",
    "sampleCount" : 443054,
    "errorCount" : 0,
    "errorPct" : 0.0,
    "meanResTime" : 13.47114798647559,
    "medianResTime" : 5.0,
    "minResTime" : 2.0,
    "maxResTime" : 198.0,
    "pct1ResTime" : 26.0,
    "pct2ResTime" : 77.0,
    "pct3ResTime" : 88.0,
    "throughput" : 738.429486912391,
    "receivedKBytesPerSec" : 359.95402989035324,
    "sentKBytesPerSec" : 82.9290927684814
  },
  "HTTP Request" : {
    "transaction" : "HTTP Request",
    "sampleCount" : 443054,
    "errorCount" : 0,
    "errorPct" : 0.0,
    "meanResTime" : 13.47114798647559,
    "medianResTime" : 5.0,
    "minResTime" : 2.0,
    "maxResTime" : 198.0,
    "pct1ResTime" : 26.0,
    "pct2ResTime" : 77.0,
    "pct3ResTime" : 88.0,
    "throughput" : 738.429486912391,
    "receivedKBytesPerSec" : 359.95402989035324,
    "sentKBytesPerSec" : 82.9290927684814
  }
}